{
    "loss": 0.5379475355148315,
    "accuracy": 0.9396551847457886
}